{
  "mainAssemblyName": "wasmt",
  "resources": {
    "hash": "sha256-vl4mgr5UhnGnh7dniEsvL598+DJROgVQuRrbCoGrDRg=",
    "jsModuleNative": {
      "dotnet.native.8.0.0.mrpy5voxh6.js": "sha256-LjLDIz9+J7uuiwMlQ4HbNx2BnSpphOtO2MwkoI28vdI="
    },
    "jsModuleRuntime": {
      "dotnet.runtime.8.0.0.4nchodpr3z.js": "sha256-WdSX3HQvnBYF0KJLZoOyHvTzMHetaob6PV0Kn2K+QXw="
    },
    "wasmNative": {
      "dotnet.native.wasm": "sha256-Vr6ZXKoP77zgabrMIxQ1GbOkrxfx5XGqHO0odLhUIMY="
    },
    "icu": {
      "icudt_CJK.dat": "sha256-SZLtQnRc0JkwqHab0VUVP7T3uBPSeYzxzDnpxPpUnHk=",
      "icudt_EFIGS.dat": "sha256-8fItetYY8kQ0ww6oxwTLiT3oXlBwHKumbeP2pRF4yTc=",
      "icudt_no_CJK.dat": "sha256-L7sV7NEYP37/Qr2FPCePo5cJqRgTXRwGHuwF5Q+0Nfs="
    },
    "assembly": {
      "Microsoft.AspNetCore.Components.wasm": "sha256-VS0AiSyRt/aiOantX+eu1XIT896oY37PcKt0QzpEb1A=",
      "Microsoft.AspNetCore.Components.Web.wasm": "sha256-ivj7kxN8rrhTm1UV0H7dhsOewu6rhATFU2ZAG/YKLvA=",
      "Microsoft.AspNetCore.Components.WebAssembly.wasm": "sha256-Ws5szf6fWPAXna+XyWsAhavx+WDFcA/91DQ7iPRPCMs=",
      "Microsoft.Extensions.Configuration.Abstractions.wasm": "sha256-87sn2TYqgdZ95sXmavjKEzoEfMgHnYQ9LOvnMX+aZcI=",
      "Microsoft.Extensions.Configuration.Json.wasm": "sha256-Sxmy2ZS134URxbHEvdbS6NcQ3zXS7UWx/5ZPpwiW7FA=",
      "Microsoft.Extensions.Configuration.wasm": "sha256-jYqHUZ07UYWc8POk7xhas6xQYH7t1qoTcylqoDqncJk=",
      "Microsoft.Extensions.DependencyInjection.Abstractions.wasm": "sha256-qFPcWaRT3TLje0Ka8NtmslI37vhqDxIH0UFb3lOPxVs=",
      "Microsoft.Extensions.DependencyInjection.wasm": "sha256-gg8xZqJsBBrrNEyUGzYqhL3sqkuZ4AHAvdTdL9nZ0S0=",
      "Microsoft.Extensions.Logging.Abstractions.wasm": "sha256-+Fgk2a7GOZ76M3YfJ+0IDUowOMx8/LBnDwuIKQr+/IA=",
      "Microsoft.Extensions.Logging.wasm": "sha256-8BH+kQfjYuZWxprOICXJ4+tU0OdJOYDKN7G0S3zYYHI=",
      "Microsoft.Extensions.Options.wasm": "sha256-6DN1malfyp0G0uOYwQY0nIN60XdXpVXUXXw0X2c8V8E=",
      "Microsoft.Extensions.Primitives.wasm": "sha256-6187ynEahDlSLMBvD4vAmiLpZ3clRb5xu6rM7O8AxNo=",
      "Microsoft.JSInterop.wasm": "sha256-lXwhdv0Is9FMH/j0+WH3zoNWAGLbVaONtGucJ/4URQ0=",
      "Microsoft.JSInterop.WebAssembly.wasm": "sha256-CQVLCKiSxLN5ghyJZG3mhnMGRROdqrbNUjtAXB0nWb8=",
      "System.Collections.Concurrent.wasm": "sha256-/iT3Y71AMV0IxlknaXWQf8WJXGsB5oDfys+6PzvYG34=",
      "System.Collections.wasm": "sha256-lJZip5HcMDWtHh2Nx9SDTnVoLfsYwm5ZMOkUlpA3RTw=",
      "System.ComponentModel.wasm": "sha256-Kg+Te+dUBA6OiPS3uVj+Poyamhf9bMlcL96uc+bTYWc=",
      "System.Console.wasm": "sha256-0yH0pOU7s8waVbdqOI5oMDGDudjZ5aosp46twJw9Zd8=",
      "System.Diagnostics.DiagnosticSource.wasm": "sha256-TA4TDBDshs/rXBvjyCuyNUDvmszmMmTWUwkAc6qNAJk=",
      "System.Linq.wasm": "sha256-W/4yYM+qm8FDafBuyM1viNlv797YJ0IujmYb/NKBmNY=",
      "System.Memory.wasm": "sha256-HxWkz7UwBh05wS2ZYKqwyRZs+fF4nOMIesDJVcSZKoQ=",
      "System.Net.Http.Json.wasm": "sha256-PJe/5luseGZYv4GkBYRZjph5FdB7j03kr9Jr74HED6Q=",
      "System.Net.Http.wasm": "sha256-SuoxDBXEjwkCGulTF2AxqZVyaHkENX88RtSxW2o0DhY=",
      "System.Net.Primitives.wasm": "sha256-emZvTobQa3cKexz7jjmtC3+QkA7nKsB60ZTQJsppSlc=",
      "System.Private.CoreLib.wasm": "sha256-5X1kct30xHE9GNERXNrPM7tgaynsR/9LM4W5n6aRNis=",
      "System.Private.Uri.wasm": "sha256-mwohagRUm7CeT2a1/nBV/UzRFUFRpyPUKQgdiji0RK0=",
      "System.Runtime.InteropServices.JavaScript.wasm": "sha256-LZb8xEakhpinTi1BzxxEA7Qcjvqwkzz9YDffOpSpa3A=",
      "System.Runtime.wasm": "sha256-7Axiip8GHSYD4lRvNFxXTdjHfGc/BexZNVnBt/vzyZc=",
      "System.Text.Encodings.Web.wasm": "sha256-PPjgJMbaJy7HmAFbiVQDmuLd+9vm5X5Uxk2KptWctx4=",
      "System.Text.Json.wasm": "sha256-bYSMRA2prb9VQgWRPvZYl9lN9FU4qKdNig7DMQA4fJs=",
      "System.Text.RegularExpressions.wasm": "sha256-3TnJ+gFbcLQWd64dQi9CTds871jRDrawlfFObiJJADY=",
      "wasmt.wasm": "sha256-H0od7RfHY4AQJU4KoC88lycSM13s0a9O9p5Op4BYK/8="
    }
  },
  "cacheBootResources": true,
  "debugLevel": 0,
  "linkerEnabled": true,
  "globalizationMode": "sharded",
  "extensions": {
    "blazor": {}
  }
}